Country,Group,Name,URL,Status,HTTP_Code,Latency_ms
"UNKNOWN","Movies","00s Replay","https://jmp2.uk/plu-62ba60f059624e000781c436.m3u8","ONLINE","302","369"
"UNKNOWN","Culture","2STV (720p)","http://69.64.57.208/2stv/playlist.m3u8","OFFLINE","404","555"
"UNKNOWN","News","2GB Sydney (1080p)","https://2gblive.akamaized.net/hls/live/2033805/2GB/index.m3u8","ONLINE","200","599"
"UNKNOWN","General","2M","http://185.9.2.18/chid_218/index.m3u8","ONLINE","200","611"
"UNKNOWN","General","2M Monde (360p)","https://cdn-globecast.akamaized.net/live/eds/2m_monde/hls_video_ts_tuhawxpiemz257adfc/2m_monde.m3u8","OFFLINE","403","631"
"UNKNOWN","Entertainment","2x2 (576i)","https://bl.rutube.ru/livestream/392b4686b770bae2da6bf5ac4574add5/index.m3u8?e=2068731801&s=tenr-yHXUv1wibfka78s2A&scheme=https","OFFLINE","-1","648"
"UNKNOWN","General","1+1 International HD (720p)","https://dash2.antik.sk/live/test_one_plus_one_int_tizen/playlist.m3u8","ONLINE","200","701"
"UNKNOWN","General","1+1 International","http://158.101.222.193:88/georgia_play.php?id=1plus1international","ONLINE","302","710"
"UNKNOWN","General","1+1 Marafon (1080p)","https://dash2.antik.sk/live/1plus1_marathon/playlist.m3u8","ONLINE","200","710"
"UNKNOWN","Undefined","3point.dk","https://jmp2.uk/plu-65b915780cb1a1000889b837.m3u8","ONLINE","302","70"
"UNKNOWN","General","2+2 Marathon (1080p)","https://lowa8026-cmyk.github.io/Ukraine/Edyni_Novyny/2Plus2Marafon.m3u8","ONLINE","200","789"
"UNKNOWN","News","3AW Melbourne (1080p)","https://3awlive.akamaized.net/hls/live/2032295/3AW/index.m3u8","ONLINE","200","916"
"UNKNOWN","General","1TV (720p)","https://tv.cdn.xsg.ge/gpb-1tv/index.m3u8","ONLINE","200","965"
"UNKNOWN","Undefined","4 Afghanistan","https://4afghls.persiana.live/hls/stream.m3u8","OFFLINE","-1","499"
"UNKNOWN","Shop","1-2-3 TV (270p)","https://123tv-mx1.flex-cdn.net/index.m3u8","ONLINE","200","1222"
"UNKNOWN","General","2M Monde (1080p)","https://stream-lb.livemediama.com/2m/hls/master.m3u8","ONLINE","200","1213"
"UNKNOWN","General","2TV (720p)","https://tv.cdn.xsg.ge/gpb-2tv/index.m3u8","ONLINE","200","1212"
"UNKNOWN","General","1Almere TV (720p)","https://d3472rjicrodic.cloudfront.net/nlpo/clr-nlpo/709d5260/index.m3u8","ONLINE","200","1227"
"UNKNOWN","General","2M Monde +1 (1080p)","https://d2qh3gh0k5vp3v.cloudfront.net/v1/master/3722c60a815c199d9c0ef36c5b73da68a62b09d1/cc-n6pess5lwbghr/2M_ES.m3u8","ONLINE","200","1217"
"UNKNOWN","Entertainment;Family;General","1KZN TV (576p)","https://cdn.freevisiontv.co.za/sttv/smil:1kzn.stream.smil/playlist.m3u8","ONLINE","200","1234"
"UNKNOWN","Undefined","4K Travel TV (1080p)","https://streams2.sofast.tv/sofastplayout/33c31ac4-51fa-46ae-afd0-0d1fe5e60a80_0_HLS/master.m3u8","ONLINE","200","534"
"UNKNOWN","Series","5 Cops","https://jmp2.uk/plu-5d2c571faeb3e2738ae27933.m3u8","ONLINE","302","79"
"UNKNOWN","Undefined","5 Trucking Hell","https://jmp2.uk/plu-656df2849d5ac400083be647.m3u8","ONLINE","302","84"
"UNKNOWN","News","4TV News (576p)","https://cdn-4.pishow.tv/live/1007/master.m3u8","ONLINE","200","502"
"UNKNOWN","Undefined","5 Emergency Rescue","https://jmp2.uk/plu-63c1384e829c850007922ca4.m3u8","ONLINE","302","247"
"UNKNOWN","General","1Twente TV (1080p)","https://ms7.mx-cd.net/dtv-11/198-989148/1Twente_TV.smil/chunklist_w954512639_b4292608_slNLD.m3u8","ONLINE","200","1470"
"UNKNOWN","Undefined","5 Exploring Britain","https://jmp2.uk/plu-5ddf901280e3550009139c86.m3u8","ONLINE","302","256"
"UNKNOWN","Undefined","4UV (1080p)","https://d3qg1liq0unuxm.cloudfront.net/4UV.m3u8","ONLINE","200","380"
"UNKNOWN","Comedy;Public","3Cat El búnquer (1080p)","https://fast-tailor.3catdirectes.cat/v1/channel/bunquer/hls.m3u8","OFFLINE","404","1017"
"UNKNOWN","General","3HD","https://live-us1.thaimomo.com/live-as/ch3hd-3/playlist.m3u8","ONLINE","200","955"
"UNKNOWN","Classic;Comedy;Public;Series","3Cat Plats bruts (1080p)","https://fast-tailor.3catdirectes.cat/v1/channel/ccma-channel2/hls.m3u8","ONLINE","200","1008"
"UNKNOWN","News","6PR Perth (1080p)","https://6prlive.akamaized.net/hls/live/2033806/6PR/index.m3u8","ONLINE","200","288"
"UNKNOWN","Music","4 Kurd","https://4kuhls.persiana.live/hls/stream.m3u8","ONLINE","200","903"
"UNKNOWN","Public;Weather","3Cat Càmeres del temps (1080p)","https://directes-tv-int.3catdirectes.cat/live-content/beauties-hls/master.m3u8","ONLINE","200","1396"
"UNKNOWN","Series","7th Heaven","https://jmp2.uk/plu-6728c9c85534bb0008b320a4.m3u8","ONLINE","302","69"
"UNKNOWN","Entertainment","4U TV (720p)","https://hls.4utv.live/hls/stream.m3u8","ONLINE","200","825"
"UNKNOWN","News;Public","3CatInfo (1080p)","https://directes-tv-int.3catdirectes.cat/live-origin/canal324-hls/master.m3u8","ONLINE","200","1180"
"UNKNOWN","Series","7th Heaven","https://jmp2.uk/plu-6728ca75529ac9000830ab14.m3u8","ONLINE","302","73"
"UNKNOWN","News","6 TV Telugu (576p)","https://cdn-1.pishow.tv/live/232/master.m3u8","ONLINE","200","357"
"UNKNOWN","Series","7th Heaven","https://jmp2.uk/plu-6728cab6e482950008b76d8c.m3u8","ONLINE","302","76"
"UNKNOWN","Entertainment","6ter (1080p)","http://145.239.5.177/314/index.m3u8","ONLINE","200","423"
"UNKNOWN","Series","5 minut tishiny (1080p)","https://cdn-dvr.ntv.ru/5_minut_tishiny/index.m3u8","ONLINE","200","684"
"UNKNOWN","Religious","3ABN Canada (720p)","https://3abn.bozztv.com/3abncanada/3ABN/master.m3u8","ONLINE","200","1930"
"UNKNOWN","Religious","3ABN French","https://3abn.bozztv.com/3abn2/Fre_live/smil:Fre_live.smil/playlist.m3u8","ONLINE","200","1939"
"UNKNOWN","Religious","3ABN Dare To Dream Network","https://3abn.bozztv.com/3abn2/d2d_live/smil:d2d_live.smil/playlist.m3u8","ONLINE","200","1946"
"UNKNOWN","Religious","3ABN International Network","https://3abn.bozztv.com/3abn2/Int_live/smil:Int_live.smil/playlist.m3u8","ONLINE","200","1950"
"UNKNOWN","Religious","3ABN English","https://3abn.bozztv.com/3abn2/3abn_live/smil:3abn_live.smil/playlist.m3u8","ONLINE","200","1953"
"UNKNOWN","Music;Religious","3ABN Praise Him Music Network","https://3abn.bozztv.com/3abn1/PraiseHim/smil:PraiseHim.smil/playlist.m3u8","ONLINE","200","1952"
"UNKNOWN","Animation;Kids;Religious","3ABN Kids Network","https://3abn.bozztv.com/3abn2/Kids_live/smil:Kids_live.smil/playlist.m3u8","ONLINE","200","1956"
"UNKNOWN","Religious","3ABN Proclaim! Network","https://3abn.bozztv.com/3abn2/Pro_live/smil:Pro_live.smil/playlist.m3u8","ONLINE","200","1965"
"UNKNOWN","Religious","3ABN Latino","https://3abn.bozztv.com/3abn2/Lat_live/smil:Lat_live.smil/playlist.m3u8","ONLINE","200","1968"
"UNKNOWN","Entertainment","5 Plus (720p)","https://mmtvs.exliatycl.online/5plus/stream.m3u8","ONLINE","200","754"
"UNKNOWN","Entertainment","8TV","http://cdn6.163189.xyz/163189/8tv","ONLINE","307","150"
"UNKNOWN","Undefined","5-Minute Craft (1080p)","https://soul-5mincrafteng-rakuten.amagi.tv/playlist.m3u8","ONLINE","200","842"
"UNKNOWN","Music","9X Jhakaas (1080p)","https://amg01281-9xmediapvtltd-9xjhakaas-samsungin-ci2cs.amagi.tv/playlist/amg01281-9xmediapvtltd-9xjhakaas-samsungin/playlist.m3u8","OFFLINE","403","136"
"UNKNOWN","Music","9X Jalwa (1080p)","https://b.jsrdn.com/strm/channels/9xjalwa/master.m3u8","ONLINE","200","165"
"UNKNOWN","Undefined","7TV (576p)","http://31.148.48.15/7TV/index.m3u8","ONLINE","200","357"
"UNKNOWN","Music","9X Tashan (1080p)","https://amg01281-9xmediapvtltd-9xtashan-samsungin-xz1sd.amagi.tv/playlist/amg01281-9xmediapvtltd-9xtashan-samsungin/playlist.m3u8","OFFLINE","403","193"
"UNKNOWN","Undefined","8 Out Of 10 Cats (1080p)","https://d1l7vcuh4hn9ei.cloudfront.net/8OutOf10Cats_GB.m3u8","ONLINE","200","346"
"UNKNOWN","Music","8XM (576p)","http://115.42.65.142:9981/stream/channelid/582886861","OFFLINE","400","336"
"UNKNOWN","General","8NTV (1080p)","https://60417ddeaf0d9.streamlock.net/ntv/videontv/playlist.m3u8","ONLINE","200","561"
"UNKNOWN","Music","7S Music (576p)","https://mumt03.tangotv.in/Dsly5z3H7SMUSIC/index.m3u8","ONLINE","200","820"
"UNKNOWN","Family","6 Wise Tv (720p)","https://live.enhdtv.com:8081/8150/index.m3u8","ONLINE","301","1222"
"UNKNOWN","General","7 TeleValencia (576p)","https://play.cdn.enetres.net/9E9557EFCEBB43A89CEC8FBD3C500247022/028/playlist.m3u8","ONLINE","200","1041"
"UNKNOWN","News","10 TV (720p)","https://mumbai-edge.smartplaytv.in/10TV/index.m3u8","ONLINE","200","841"
"UNKNOWN","Music","7 YOU & ME (720p)","https://stream10.xdevel.com/video0s977798-2239/stream/playlist.m3u8","OFFLINE","404","1060"
"UNKNOWN","Music","7 RadioVisione (720p)","https://stream10.xdevel.com/video1s976543-1932/stream/playlist.m3u8","ONLINE","200","1071"
"UNKNOWN","Entertainment","16 Anni e Incinta","https://jmp2.uk/plu-60940a07d88ba90007b9cb71.m3u8","ONLINE","302","82"
"UNKNOWN","News","7 Info","https://video1.getstreamhosting.com:1936/8042/8042/playlist.m3u8","ONLINE","200","1315"
"UNKNOWN","Lifestyle;Relax","10 Bold Adelaide (1080p)","https://dce3793146fef017.mediapackage.us-west-2.amazonaws.com/out/v1/55cdf73af7894775ba6de8f57482b66a/CMAF_HLS/index.m3u8","ONLINE","200","991"
"UNKNOWN","News","13 Siam Thai (1080p)","https://live.x2.co.th/live/13livetv-th.m3u8","ONLINE","200","716"
"UNKNOWN","General","8 La Marina TV (576p)","https://streaming005.gestec-video.com/hls/canal24.m3u8","ONLINE","200","1186"
"UNKNOWN","General","11 Kanal (720p)","https://11tv-dp.cdn-04.cosmonova.net.ua/hls/11tv-dp_ua_hi/index.m3u8","OFFLINE","404","1191"
"UNKNOWN","General","12 канал (1080p)","https://12channel.bonus-tv.ru/cdn/12channel/playlist.m3u8","ONLINE","200","1228"
"UNKNOWN","General","12TV Alicante (720p)","https://cloud.fastchannel.es/mic/manifiest/hls/12tv/12tv.m3u8","ONLINE","200","1317"
"UNKNOWN","Entertainment","13 Entretención (720p)","https://origin.dpsgo.com/ssai/event/BBp0VeP6QtOOlH8nu3bWTg/master.m3u8","ONLINE","302","1353"
"UNKNOWN","Culture","13C (1080p)","https://origin.dpsgo.com/ssai/event/GI-9cp_bT8KcerLpZwkuhw/master.m3u8","ONLINE","302","1432"
"UNKNOWN","Undefined","21 Jump Street (720p)","https://d1oefjzrirx6fc.cloudfront.net/21_Jump_Street_SONO6.m3u8","ONLINE","200","501"
"UNKNOWN","Series","13 Teleseries (720p)","https://origin.dpsgo.com/ssai/event/f4TrySe8SoiGF8Lu3EIq1g/master.m3u8","ONLINE","302","1094"
"UNKNOWN","Religious","4E (1080p)","http://eu2.tv4e.gr:554/live/smil:myStream.sdp.smil/playlist.m3u8","ONLINE","200","2593"
"UNKNOWN","Music","15+ Music (1080p)","https://live.15plusmg.ru/memfs/ce3366b1-bf25-4e24-96bb-1adf0d44bd3d.m3u8","ONLINE","200","867"
"UNKNOWN","Kids","13 Kids (1080p)","https://origin.dpsgo.com/ssai/event/LhHrVtyeQkKZ-Ye_xEU75g/master.m3u8","ONLINE","302","1485"
"UNKNOWN","Music","13 Festival (1080p)","https://origin.dpsgo.com/ssai/event/Nftd0fM2SXasfDlRphvUsg/master.m3u8","ONLINE","302","1563"
"UNKNOWN","Entertainment","13 Realities (1080p)","https://origin.dpsgo.com/ssai/event/g7_JOM0ORki9SR5RKHe-Kw/master.m3u8","ONLINE","302","1647"
"UNKNOWN","Lifestyle","13 Prime (720p)","https://origin.dpsgo.com/ssai/event/p4mmBxEzSmKAxY1GusOHrw/master.m3u8","ONLINE","302","1653"
"UNKNOWN","Comedy","13 Humor (1080p)","https://origin.dpsgo.com/ssai/event/cKWySXKgSK-SzlJmESkOWw/master.m3u8","ONLINE","302","1732"
"UNKNOWN","Religious","15.1 BPB (720p)","https://v2.tustreaming.cl/enlacebpbtv/index.m3u8","ONLINE","200","1115"
"UNKNOWN","General","20 Minutes TV (1080p)","https://live-20minutestv.digiteka.com/1961167769/index.m3u8","ONLINE","200","1050"
"UNKNOWN","Music","9XM (1080p)","https://9xjio.wiseplayout.com/9XM/master.m3u8","ONLINE","200","2001"
"UNKNOWN","Undefined","21 Jump Street (1080p)","https://cb562753.wurl.com/master/f36d25e7e52f1ba8d7e56eb859c636563214f541/UmFrdXRlblRWLWV1XzIxSnVtcFN0cmVldF9ITFM/playlist.m3u8","ONLINE","200","1127"
"UNKNOWN","Entertainment","13 Ulica (1080p)","http://91.146.94.234:10001/play/a088","OFFLINE","-1","1706"
"UNKNOWN","Entertainment","20","http://91.146.94.234:10001/play/a08s","OFFLINE","-1","1706"
"UNKNOWN","General","16tv Budapest (360p)","https://cloudfront44.lexanetwork.com:1344/freerelay/16tv.sdp/playlist.m3u8","ONLINE","200","1777"
"UNKNOWN","General","1+1 Ukraina (1080p)","http://stream.mcquack.net/219/index.m3u8","TIMEOUT","","6000"
"UNKNOWN","General","2+2 (1080p)","http://stream.mcquack.net/173/index.m3u8","TIMEOUT","","6000"
"UNKNOWN","Kids","4Kids TV (576p)","http://tvsen5.aynascope.net/4KidsTV/index.m3u8","TIMEOUT","","6000"
"UNKNOWN","Sports","5Sport (1080p)","http://stream.mcquack.net/41/index.m3u8","TIMEOUT","","6000"
"UNKNOWN","General","6 sotok (1080p)","http://stream.mcquack.net/405/index.m3u8","TIMEOUT","","6000"
"UNKNOWN","Classic","13Rec (576p)","http://45.4.1.201:8000/play/a11i/index.m3u8","TIMEOUT","","6000"
"UNKNOWN","Entertainment","7/8 TV","http://213.91.179.28:8000/play/a0cn","ONLINE","200","472"